time,server_pid,nic_rx_b,nic_tx_b,self_ws_mb,self_cpu_s,sample_ms,procs_total
2026-10-05T14:27:48,42608,694116997,1790852342,175.2,1.6,1078,499
2026-10-05T14:28:19,42608,694201475,1791116778,195.4,1.9,279,497
2026-10-05T14:28:49,42608,694424616,1793085000,173.8,2,265,497
2026-10-05T14:29:20,42608,694584773,1793415931,155.4,2.1,228,497
2026-10-05T14:29:50,42608,694681170,1793745864,152.7,2.2,222,497
2026-10-05T14:30:20,42608,702859779,1794713637,147.6,2.2,209,496
2026-10-05T14:30:50,42608,704697811,1795260381,124.9,2.3,221,496
2026-10-05T14:31:21,42608,704783053,1795555741,108.6,2.3,228,496
2026-10-05T14:31:51,42608,704925389,1795934237,96.6,2.5,221,496
2026-10-05T14:32:21,42608,705029328,1796120858,77.6,2.6,158,496
2026-10-05T14:32:51,42608,705144426,1797224071,82,2.6,191,496
2026-10-05T14:33:21,42608,705245678,1797364326,82,2.7,181,496
2026-10-05T14:33:52,42608,705363998,1799313361,78.4,2.8,203,496
2026-10-05T14:34:22,42608,705431363,1799415768,79.1,2.8,296,496
2026-10-05T14:34:52,42608,705604336,1813872954,73.4,2.8,221,496
2026-10-05T14:35:22,42608,706042689,1871539438,75.6,3,192,501
2026-10-05T14:35:53,42608,708800242,1873002574,113.1,3.2,230,502
2026-10-05T14:36:23,42608,708920040,1873147882,81.5,3.4,239,499
2026-10-05T14:36:53,42608,709125155,1873536553,75.6,3.5,229,500
2026-10-05T14:37:23,42608,709208970,1873659379,77.8,3.5,200,499
2026-10-05T14:37:53,42608,709318137,1874183481,73,3.6,186,499
2026-10-05T14:38:24,42608,709440226,1874334903,71,3.7,179,499
2026-10-05T14:38:54,42608,709546560,1874714747,71.4,3.7,215,501
2026-10-05T14:39:24,42608,709650914,1875646291,74,3.8,169,498
2026-10-05T14:39:54,42608,709741621,1876175555,74.4,3.9,215,498
2026-10-05T14:40:24,42608,710438677,1876408807,73.7,4,228,497
2026-10-05T14:40:55,42608,711774528,1876865817,73.8,4,218,490
2026-10-05T14:41:25,42608,711839603,1876952824,74.5,4,130,490
2026-10-05T14:41:55,42608,711929469,1877463251,72.1,4.1,174,491
2026-10-05T14:42:25,42608,711983848,1877571980,73.5,4.2,222,491
2026-10-05T14:42:56,42608,712062284,1877894229,71.3,4.3,218,491
2026-10-05T14:43:26,42608,712116769,1877979876,71.7,4.4,222,491
2026-10-05T14:43:56,42608,712196194,1878298472,75,4.5,206,491
2026-10-05T14:44:26,42608,713779545,1908885858,75.6,4.6,212,491
2026-10-05T14:44:56,42608,714017431,1924942169,78.8,4.7,181,491
2026-10-05T14:45:27,42608,716168321,1940706836,74.2,4.7,226,491
2026-10-05T14:45:57,42608,716726080,1956291564,77.7,4.8,329,490
2026-10-05T14:46:27,42608,717051917,1986582512,71.3,4.9,246,489
2026-10-05T14:46:57,42608,717182149,1987005476,75.1,5.1,236,488
2026-10-05T14:47:28,42608,718296701,2018458723,75.9,5.2,280,488
2026-10-05T14:47:58,42608,718751913,2050297440,74.2,5.3,168,488
2026-10-05T14:48:28,42608,719338993,2050830010,74.4,5.4,209,488
2026-10-05T14:48:58,42608,721631054,2051420211,71.1,5.5,218,488
2026-10-05T14:49:29,42608,721692990,2051522490,72.5,5.5,205,488
2026-10-05T14:49:59,42608,727878341,2052183115,71.2,5.5,165,489
2026-10-05T14:50:29,42608,730492664,2052870555,71.1,5.6,184,493
2026-10-05T14:50:59,42608,731115569,2053808944,74,5.6,228,490
2026-10-05T14:51:29,42608,731242279,2054092447,81.9,5.8,252,491
2026-10-05T14:52:00,42608,731480501,2054674939,80.1,5.8,204,495
2026-10-05T14:52:30,42608,731671687,2056524840,81.4,5.9,213,492
2026-10-05T14:53:00,42608,731879267,2058485346,83.4,5.9,218,491
2026-10-05T14:53:30,42608,732041792,2059694658,83.8,6,183,490
2026-10-05T14:54:01,42608,733224541,2061014379,78.3,6.1,241,492
2026-10-05T14:54:31,42608,733675378,2064140647,78.3,6.2,229,501
2026-10-05T14:55:01,42608,734345366,2073444550,76.9,6.3,135,499
2026-10-05T14:55:31,42608,736898879,2074992773,69,6.4,219,499
2026-10-05T14:56:01,42608,737309585,2076250918,67.5,6.5,236,498
2026-10-05T14:56:32,42608,737513798,2077556632,68.1,6.5,173,498
2026-10-05T14:57:02,42608,737764340,2079977493,68.3,6.6,204,498
2026-10-05T14:57:32,42608,748264305,2081699787,68.6,6.6,140,497
2026-10-05T14:58:02,42608,748663277,2083546800,71.2,6.7,209,497
2026-10-05T14:58:32,42608,748948357,2085991564,68.8,6.7,218,497
2026-10-05T14:59:03,42608,749321611,2087303090,68.9,6.8,204,497
2026-10-05T14:59:33,42608,749607010,2087980469,68.5,6.9,224,497
2026-10-05T15:00:03,42608,750079171,2090081626,71.4,6.9,181,496
2026-10-05T15:00:33,42608,752903576,2091783097,70.5,6.9,217,498
2026-10-05T15:01:04,42608,753646795,2093396909,67.6,7.1,221,496
2026-10-05T15:01:34,42608,756431621,2094826234,68.9,7.1,225,496
2026-10-05T15:02:04,42608,756703024,2095492816,72,7.3,240,507
2026-10-05T15:02:34,42608,758500135,2096854635,71.4,7.3,221,497
2026-10-05T15:03:04,42608,758764195,2097969455,69.2,7.4,232,496
2026-10-05T15:03:35,42608,759019292,2098613285,68.1,7.5,238,496
2026-10-05T15:04:05,42608,759259132,2099645562,71.6,7.5,249,505
2026-10-05T15:04:35,42608,759907356,2100688161,70.2,7.6,207,504
2026-10-05T15:05:05,42608,761004949,2102290981,68.9,7.7,274,528
2026-10-05T15:05:36,42608,764316582,2103611002,69,7.8,239,502
2026-10-05T15:06:06,42608,764956328,2105829836,71.3,7.9,191,499
2026-10-05T15:06:36,42608,765145179,2107233113,71.6,7.9,223,504
2026-10-05T15:07:06,42608,765388000,2109019732,71,8,215,499
2026-10-05T15:07:37,42608,765565270,2109632286,69.3,8.1,205,500
2026-10-05T15:08:07,42608,765692305,2110028760,70.7,8.2,211,498
2026-10-05T15:08:37,42608,765880619,2110218761,68.9,8.2,189,498
2026-10-05T15:09:07,42608,765964678,2110710465,67.5,8.3,217,498
2026-10-05T15:09:37,42608,766070072,2111053793,68.4,8.3,204,501
2026-10-05T15:10:08,42608,766194382,2111424004,70.4,8.4,216,501
2026-10-05T15:10:38,42608,768729083,2112379346,68,8.5,217,501
2026-10-05T15:11:08,42608,768928668,2112787702,68.3,8.6,184,499
2026-10-05T15:11:38,42608,769037242,2113141993,68.3,8.7,238,503
2026-10-05T15:12:09,42608,769144487,2113346570,67.7,8.8,230,503
2026-10-05T15:12:39,42608,769250262,2113730111,68.5,8.9,237,502
2026-10-05T15:13:09,42608,769335663,2114087522,69.7,9,215,499
2026-10-05T15:13:39,42608,769421911,2114410874,68.6,9,187,499
2026-10-05T15:14:10,42608,769504735,2114590923,67.7,9.1,235,499
2026-10-05T15:14:40,42608,769617379,2115145538,69,9.2,214,499
2026-10-05T15:15:10,42608,769697193,2115311636,68.2,9.3,225,498
2026-10-05T15:15:40,42608,772280234,2115872002,67.9,9.4,230,500
2026-10-05T15:16:10,42608,772452218,2116627731,105.1,9.5,272,497
2026-10-05T15:16:41,42608,773727498,2118745279,105.6,9.6,224,505
2026-10-05T15:17:11,42608,773846538,2119253888,105.7,9.7,246,509
2026-10-05T15:17:41,42608,774012619,2120659290,102.5,9.7,183,498
2026-10-05T15:18:11,42608,774108917,2120937653,95.8,9.9,225,498
2026-10-05T15:18:42,42608,774250574,2121544257,87.4,9.9,203,498
2026-10-05T15:19:12,42608,774803711,2121881803,83.9,10,173,497
2026-10-05T15:19:42,42608,775995620,2122365160,68.4,10.1,164,497
2026-10-05T15:20:12,42608,776181413,2122706596,65.4,10.1,226,500
2026-10-05T15:20:42,42608,779335084,2124043744,66.8,10.2,250,501
2026-10-05T15:21:13,42608,779496411,2124436097,67.6,10.3,197,500
2026-10-05T15:21:43,42608,779659840,2124915948,69.4,10.3,228,501
2026-10-05T15:22:13,42608,779781805,2125158394,67,10.4,222,503
2026-10-05T15:22:43,42608,779904235,2125750074,68.3,10.5,268,501
2026-10-05T15:23:14,42608,780143446,2126042967,68.8,10.5,226,499
2026-10-05T15:23:44,42608,780245494,2126406609,67.7,10.6,225,499
2026-10-05T15:24:14,42608,780378006,2126686348,67.4,10.7,213,499
2026-10-05T15:24:44,42608,780506919,2127147288,69,10.8,213,499
2026-10-05T15:25:15,42608,780641565,2127581211,68.3,10.8,219,498
2026-10-05T15:25:45,42608,783247125,2128150706,69,10.9,226,498
2026-10-05T15:26:15,42608,783376569,2128411253,68.6,11,210,498
2026-10-05T15:26:45,42608,783571710,2129400004,69.5,11.1,233,504
2026-10-05T15:27:16,42608,783817584,2130643516,68.8,11.2,170,499
2026-10-05T15:27:46,42608,785691464,2131180735,69.9,11.2,200,499
2026-10-05T15:28:16,42608,786674030,2131488101,67.8,11.3,229,499
2026-10-05T15:28:46,42608,787251650,2132140563,67.6,11.4,241,499
2026-10-05T15:29:16,42608,787403056,2132804364,68,11.5,227,499
2026-10-05T15:29:47,42608,787579954,2133306197,67.5,11.6,224,498
2026-10-05T15:30:17,42608,787693679,2133494126,68,11.6,197,498
2026-10-05T15:30:47,42608,790314655,2134179497,67.8,11.7,232,498
2026-10-05T15:31:17,42608,790456993,2134625979,68.3,11.8,211,497
2026-10-05T15:31:48,42608,790598511,2135061404,68,11.9,231,497
2026-10-05T15:32:18,42608,790681203,2135230829,67.9,12,211,497
2026-10-05T15:32:48,42608,790768653,2135574030,67.9,12,225,497
2026-10-05T15:33:18,42608,790832287,2135724143,66.3,12.1,220,497
2026-10-05T15:33:49,42608,791042015,2137698762,68.1,12.2,282,497
2026-10-05T15:34:19,42608,791117793,2137872687,68.2,12.2,277,496
2026-10-05T15:34:49,42608,791250789,2138261233,68.8,12.3,203,496
2026-10-05T15:35:19,42608,791345430,2138449298,68.2,12.4,162,500
2026-10-05T15:35:49,42608,794697383,2139861438,69.3,12.5,207,493
2026-10-05T15:36:20,42608,795170194,2140145588,68,12.5,187,491
2026-10-05T15:36:50,42608,795399997,2140605177,67.5,12.5,174,492
2026-10-05T15:37:20,42608,795835751,2140838106,66.2,12.6,221,491
2026-10-05T15:37:50,42608,796051554,2141464298,67.1,12.7,220,491
2026-10-05T15:38:21,42608,796434577,2141656807,65.8,12.8,216,491
2026-10-05T15:38:51,42608,796548259,2142112669,67.4,12.9,202,491
2026-10-05T15:39:21,42608,797015305,2142397079,68.1,13,199,490
2026-10-05T15:39:51,42608,797180631,2143047366,68,13.1,213,490
2026-10-05T15:40:21,42608,797660766,2143339679,67.3,13.1,209,490
2026-10-05T15:40:52,42608,800693851,2144007081,68.3,13.1,184,490
2026-10-05T15:41:22,42608,800813231,2144239487,68.7,13.2,216,490
2026-10-05T15:41:52,42608,801695497,2144767314,68.1,13.3,203,490
2026-10-05T15:42:22,42608,801817582,2145204186,68.5,13.3,198,491
2026-10-05T15:42:53,42608,801926128,2145652545,69.4,13.4,188,491
2026-10-05T15:43:23,42608,802127160,2148203494,68.5,13.5,220,491
2026-10-05T15:43:53,42608,802267894,2148840245,68.4,13.6,248,491
2026-10-05T15:44:23,42608,802817756,2149208110,69.7,13.7,204,491
2026-10-05T15:44:53,42608,802916314,2149582498,71.4,13.8,193,491
2026-10-05T15:45:24,42608,803051932,2149840056,69.7,13.8,220,498
2026-10-05T15:45:54,42608,805605512,2150371996,68.5,13.9,254,489
2026-10-05T15:46:24,42608,805742296,2150763941,69.9,14,217,488
2026-10-05T15:46:54,42608,806257210,2151194494,67.7,14.1,227,488
2026-10-05T15:47:25,42608,806321072,2151310990,68,14.1,157,489
2026-10-05T15:47:55,42608,806419034,2151658853,70,14.2,235,489
2026-10-05T15:48:25,42608,806561596,2151962204,68.8,14.2,220,488
2026-10-05T15:48:55,42608,806661204,2152374505,69.1,14.3,225,488
2026-10-05T15:49:25,42608,806751091,2152561062,69.8,14.4,211,488
2026-10-05T15:49:56,42608,806845146,2152896004,68.5,14.4,190,490
2026-10-05T15:50:26,42608,808420821,2153504317,68.9,14.5,222,494
2026-10-05T15:50:56,42608,810394263,2154538598,70.1,14.6,184,491
2026-10-05T15:51:26,42608,810493421,2154710126,69.9,14.7,247,490
2026-10-05T15:51:57,42608,810570846,2155023873,68.8,14.7,213,491
2026-10-05T15:52:27,42608,810645315,2155341833,70.7,14.8,222,490
2026-10-05T15:52:57,42608,810725670,2155671688,71,14.8,226,490
2026-10-05T15:53:27,42608,810806829,2156418447,70.3,14.9,217,489
2026-10-05T15:53:57,42608,810924832,2156888906,67.8,15,225,489
2026-10-05T15:54:28,42608,811107046,2157295582,69.2,15,192,489
2026-10-05T15:54:58,42608,811205273,2157641582,71.6,15,123,489
2026-10-05T15:55:28,42608,813544744,2157930343,68.2,15.1,235,491
2026-10-05T15:55:58,42608,813907060,2158350813,67.8,15.2,193,489
2026-10-05T15:56:28,42608,814012464,2158705195,68.3,15.2,242,490
2026-10-05T15:56:59,42608,814702528,2159215191,104.8,15.4,271,490
2026-10-05T15:57:29,42608,815592054,2159598458,105.6,15.5,281,490
2026-10-05T15:57:59,42608,815720123,2160095602,105.4,15.6,214,490
2026-10-05T15:58:30,42608,815793815,2160416545,107.2,15.7,195,490
2026-10-05T15:59:00,42608,816357056,2160823905,101.8,15.7,221,490
2026-10-05T15:59:30,42608,816422149,2160944191,90.5,15.8,195,490
2026-10-05T16:00:00,42608,816531764,2161301400,84.8,15.8,178,489
2026-10-05T16:00:30,42608,818900009,2161729213,69.1,15.9,189,490
2026-10-05T16:01:01,42608,819245472,2162154519,68.4,16,221,488
2026-10-05T16:01:31,42608,819355606,2162347461,67.3,16,274,489
2026-10-05T16:02:01,42608,819447681,2162696064,68.9,16.1,206,489
2026-10-05T16:02:31,42608,819548447,2163302671,70.6,16.1,178,489
2026-10-05T16:03:02,42608,819796275,2166181220,71.2,16.2,216,489
2026-10-05T16:03:32,42608,819897361,2166514829,69.4,16.2,216,489
2026-10-05T16:04:02,42608,820012794,2166999463,68.8,16.3,182,489
2026-10-05T16:04:32,42608,820105230,2167401605,69.3,16.3,169,488
2026-10-05T16:05:02,42608,820348736,2170176736,72.3,16.4,177,490
2026-10-05T16:05:33,42608,823163530,2170873940,71.3,16.5,240,493
2026-10-05T16:06:03,42608,823797746,2171885819,69.1,16.5,185,490
2026-10-05T16:06:33,42608,823966025,2172390151,70.3,16.7,184,490
2026-10-05T16:07:03,42608,824157682,2173314934,70.3,16.8,212,491
2026-10-05T16:07:33,42608,824250526,2173512793,67.6,16.8,209,489
2026-10-05T16:08:04,42608,824347213,2173926614,68.2,16.9,214,489
2026-10-05T16:08:34,42608,824422365,2174233783,69.1,16.9,217,489
2026-10-05T16:09:04,42608,824547514,2174650567,69.1,17,230,489
2026-10-05T16:09:34,42608,825787408,2174965199,72.8,17.1,211,489
2026-10-05T16:10:05,42608,826394464,2175427884,72.1,17.1,290,489
2026-10-05T16:10:35,42608,828841879,2175895916,72.2,17.2,187,491
2026-10-05T16:11:05,42608,830490165,2176497314,68.8,17.2,242,489
2026-10-05T16:11:35,42608,831689275,2176827971,68.7,17.3,181,489
2026-10-05T16:12:05,42608,832226857,2177266554,69.7,17.3,223,490
2026-10-05T16:12:36,42608,832872980,2177678228,71.2,17.5,193,490
2026-10-05T16:13:06,42608,832994398,2178103690,69,17.5,197,490
2026-10-05T16:13:36,42608,833111205,2178361454,67.5,17.6,218,490
2026-10-05T16:14:06,42608,834326153,2178860818,66.8,17.7,227,490
2026-10-05T16:14:37,42608,834449972,2179290930,67.4,17.8,231,494
2026-10-05T16:15:07,42608,834853786,2179731508,69.3,17.9,214,491
2026-10-05T16:15:37,42608,837424558,2180072411,71.1,18,215,493
2026-10-05T16:16:07,42608,837670562,2180553133,72.9,18.1,223,494
2026-10-05T16:16:37,42608,838016488,2180989885,71,18.1,211,494
2026-10-05T16:17:08,42608,838200405,2182706341,69.3,18.2,201,490
2026-10-05T16:17:38,42608,838934822,2187380396,69.2,18.3,254,505
2026-10-05T16:18:08,42608,839122089,2188554566,72.1,18.4,286,519
2026-10-05T16:18:38,42608,839309082,2190103070,70.3,18.5,256,516
2026-10-05T16:19:09,42608,839459047,2190528000,71.1,18.6,297,515
2026-10-05T16:19:39,42608,839651124,2191203540,72.6,18.6,292,517
2026-10-05T16:20:09,42608,839952250,2193413198,74.8,18.8,267,517
2026-10-05T16:20:40,42608,843077125,2195927136,68.9,18.8,271,527
2026-10-05T16:21:10,42608,843773465,2200701212,69.1,18.9,291,518
2026-10-05T16:21:40,42608,843943069,2200930531,67.8,19,257,519
2026-10-05T16:22:10,42608,845070205,2215628232,67.9,19.1,342,528
2026-10-05T16:22:41,42608,847924958,2267192548,68.4,19.2,278,524
2026-10-05T16:23:11,42608,848161991,2268246387,69.8,19.3,4339,532
2026-10-05T16:23:50,42608,848753818,2292801741,71.4,19.4,316,524
2026-10-05T16:24:20,42608,867514483,2315201352,75,19.5,437,582
2026-10-05T16:24:51,42608,868881146,2347231876,74.2,19.6,459,608
2026-10-05T16:25:21,42608,869754836,2389508583,80,19.7,473,612
2026-10-05T16:25:52,42608,872590325,2391517479,127.2,20,480,604
2026-10-05T16:26:22,42608,873471221,2414705039,126.2,20.1,351,584
2026-10-05T16:26:53,42608,874327298,2418818941,121.3,20.2,355,565
2026-10-05T16:27:23,42608,874749462,2419994261,122.4,20.3,327,563
2026-10-05T16:27:53,42608,875176165,2430693507,124,20.4,335,572
2026-10-05T16:28:24,42608,875367367,2440888661,121,20.5,288,563
2026-10-05T16:28:54,42608,875537882,2442218007,119.7,20.5,297,562
2026-10-05T16:29:24,42608,875676644,2442591555,119.4,20.6,318,561
2026-10-05T16:29:55,42608,876110317,2446251210,116,20.7,306,562
2026-10-05T16:30:25,42608,888209995,2450683331,116.5,20.8,309,572
2026-10-05T16:30:55,42608,889846355,2454788654,112.9,20.9,295,568
2026-10-05T16:31:26,42608,890555582,2459854654,111.3,21,337,571
2026-10-05T16:31:56,42608,890954397,2463495915,104.1,21.1,368,573
2026-10-05T16:32:26,42608,891271195,2465887621,83.6,21.2,352,573
2026-10-05T16:32:57,42608,891510955,2469729935,85,21.3,302,569
2026-10-05T16:33:27,42608,892133481,2473799168,86.9,21.4,306,573
2026-10-05T16:33:57,42608,892318795,2476098984,87.9,21.5,308,568
2026-10-05T16:34:28,42608,892571930,2479833007,88.2,21.6,298,568
2026-10-05T16:34:58,42608,892794788,2482062454,89.5,21.7,322,569
2026-10-05T16:35:28,42608,895561995,2486017015,90.2,21.8,319,572
2026-10-05T16:35:59,42608,898106546,2488686574,85.3,21.8,296,569
2026-10-05T16:36:29,0,899791005,2491881449,91.5,21.9,789,533
2026-10-05T16:37:00,0,900296466,2492529341,89.7,22,848,526
2026-10-05T16:37:31,50812,901347958,2493210650,87,22.1,775,529
2026-10-05T16:38:01,50812,903085107,2519639941,77.2,22.2,327,555
2026-10-05T16:38:32,50812,904574041,2567517560,76.8,22.3,291,560
2026-10-05T16:39:02,50812,906751354,2608791365,81.9,22.4,362,586
2026-10-05T16:39:32,50812,909317683,2642417193,89.1,22.5,351,644
2026-10-05T16:40:03,50812,915986208,2652717512,99.7,22.6,334,590
2026-10-05T16:40:33,50812,916648568,2658886325,93.5,22.7,320,576
2026-10-05T16:41:03,50812,917706444,2667002234,90,22.8,321,578
2026-10-05T16:41:34,50812,918366412,2674479829,82.2,22.9,339,580
2026-10-05T16:42:04,50812,919285024,2680051847,95.7,23,355,585
2026-10-05T16:42:35,50812,922667207,2697969756,98.1,23.1,355,590
2026-10-05T16:43:05,50812,923409827,2722880595,96.7,23.2,322,590
2026-10-05T16:43:35,50812,923950257,2764153801,96.6,23.3,379,582
2026-10-05T16:44:06,50812,924858494,2776256870,97.8,23.3,334,592
2026-10-05T16:44:36,50812,925386423,2790626805,99.1,23.4,339,601
2026-10-05T16:45:06,50812,925979611,2822036912,101.1,23.6,330,585
2026-10-05T16:45:37,0,927162587,2847911600,98.4,23.6,899,577
2026-10-05T16:46:08,0,927621662,2848876206,91.9,23.7,850,575
2026-10-05T16:46:38,49668,929430599,2851486057,91.5,23.8,1146,596
2026-10-05T16:47:10,49668,932982299,2861421036,89,23.9,330,605
2026-10-05T16:47:40,49668,933959048,2877940327,80.2,24,9000,605
2026-10-05T16:48:20,49668,935025516,2888808251,77.8,24.1,358,609
2026-10-05T16:48:50,49668,937253480,2894824659,96.6,24.4,571,609
2026-10-05T16:49:21,49668,937765191,2907267930,65.6,24.6,1421,613
2026-10-05T16:49:53,49668,938170920,2917449792,71.5,24.8,2144,619
2026-10-05T16:50:27,49668,939774328,2924486362,77.4,24.8,332,620
2026-10-05T16:50:57,49668,940559403,2934889388,88.1,24.9,362,629
2026-10-05T16:51:27,49668,942851795,2940183826,77.7,25.1,409,616
